,DENV1,DENV2,DENV3,DENV4
DENV1,0.0801,0.2998527465765305,0.2643328204162446,0.3253680431104601
DENV2,0.2998527465765305,0.0854,0.30956216549618976,0.32377767255228285
DENV3,0.2643328204162446,0.30956216549618976,0.0593,0.31694111289876975
DENV4,0.3253680431104601,0.32377767255228285,0.31694111289876975,0.0735
