Start,End,Conservation
26,40,0.9992787223080887
80,82,0.9984544049459041
93,129,0.9861118242095461
141,150,1.0
173,179,0.9938176197836166
228,242,0.9680334467883266
249,282,0.9918598707397266
290,328,0.977247001189369
337,348,0.9979336152946018
