Start,End,Conservation
9,11,0.9973983739837399
26,39,0.9634494773519163
93,130,0.9584135362385213
140,150,0.84679970436068
173,179,0.9863414634146341
228,243,0.868109756097561
248,272,0.9783414634146341
275,275,1.0
278,282,0.9978515625
285,285,0.998046875
289,318,0.916389726526
338,348,0.9927948763565202
