Start,End,Conservation
10,10,0.9774774774774775
26,39,0.999436936936937
93,120,0.9805702888425547
122,129,0.9257343942025453
140,148,0.9944930838391942
172,179,0.9459459459459459
227,243,0.9933705756290143
248,272,0.9465544065972717
278,278,1.0
280,281,0.9982993197278911
290,318,0.967382111110853
324,324,1.0
338,347,0.9966189485894041
