Start,End,Conservation
26,39,0.9986351228389445
62,62,1.0
93,113,0.9410925238950718
116,130,0.9800424628450107
138,148,0.9936157260998026
172,179,0.9967999755022048
210,210,1.0
228,241,0.9995450409463148
248,272,0.9788535031847134
291,318,0.997270245677889
338,348,0.9837869137232196
